{
  "Student_GET" : {
    "transaction" : "Student_GET",
    "sampleCount" : 339,
    "errorCount" : 0,
    "errorPct" : 0.0,
    "meanResTime" : 992.7669616519171,
    "medianResTime" : 424.0,
    "minResTime" : 174.0,
    "maxResTime" : 26761.0,
    "pct1ResTime" : 2249.0,
    "pct2ResTime" : 4112.0,
    "pct3ResTime" : 7353.400000000001,
    "throughput" : 1.1327942257568668,
    "receivedKBytesPerSec" : 8.773624027810266,
    "sentKBytesPerSec" : 0.4601976542137272
  },
  "Total" : {
    "transaction" : "Total",
    "sampleCount" : 676,
    "errorCount" : 0,
    "errorPct" : 0.0,
    "meanResTime" : 1022.5665680473363,
    "medianResTime" : 450.5,
    "minResTime" : 174.0,
    "maxResTime" : 26761.0,
    "pct1ResTime" : 2380.3000000000006,
    "pct2ResTime" : 4689.849999999995,
    "pct3ResTime" : 7534.63000000001,
    "throughput" : 2.235708498007375,
    "receivedKBytesPerSec" : 20.802048925760257,
    "sentKBytesPerSec" : 1.0845813937625055
  },
  "Student_POST" : {
    "transaction" : "Student_POST",
    "sampleCount" : 337,
    "errorCount" : 0,
    "errorPct" : 0.0,
    "meanResTime" : 1052.5430267062322,
    "medianResTime" : 477.0,
    "minResTime" : 178.0,
    "maxResTime" : 8804.0,
    "pct1ResTime" : 2489.999999999999,
    "pct2ResTime" : 5104.499999999994,
    "pct3ResTime" : 8090.500000000001,
    "throughput" : 1.1233483113108176,
    "receivedKBytesPerSec" : 12.214218845834612,
    "sentKBytesPerSec" : 0.6340774647828639
  }
}