{
  "-244" : {
    "transaction" : "-244",
    "sampleCount" : 4,
    "errorCount" : 0,
    "errorPct" : 0.0,
    "meanResTime" : 518.75,
    "medianResTime" : 428.0,
    "minResTime" : 428.0,
    "maxResTime" : 791.0,
    "pct1ResTime" : 791.0,
    "pct2ResTime" : 791.0,
    "pct3ResTime" : 791.0,
    "throughput" : 0.026684990360047234,
    "receivedKBytesPerSec" : 0.03916752003042089,
    "sentKBytesPerSec" : 0.021290661254061122
  },
  "-165" : {
    "transaction" : "-165",
    "sampleCount" : 4,
    "errorCount" : 0,
    "errorPct" : 0.0,
    "meanResTime" : 21273.25,
    "medianResTime" : 20515.0,
    "minResTime" : 17649.0,
    "maxResTime" : 26414.0,
    "pct1ResTime" : 26414.0,
    "pct2ResTime" : 26414.0,
    "pct3ResTime" : 26414.0,
    "throughput" : 0.02388031187687311,
    "receivedKBytesPerSec" : 35.519491931439624,
    "sentKBytesPerSec" : 0.5857439388783418
  },
  "-242" : {
    "transaction" : "-242",
    "sampleCount" : 4,
    "errorCount" : 0,
    "errorPct" : 0.0,
    "meanResTime" : 386.5,
    "medianResTime" : 372.5,
    "minResTime" : 305.0,
    "maxResTime" : 496.0,
    "pct1ResTime" : 496.0,
    "pct2ResTime" : 496.0,
    "pct3ResTime" : 496.0,
    "throughput" : 0.026706905070305927,
    "receivedKBytesPerSec" : 0.02302296919024664,
    "sentKBytesPerSec" : 0.01850444252674029
  },
  "Total" : {
    "transaction" : "Total",
    "sampleCount" : 12,
    "errorCount" : 0,
    "errorPct" : 0.0,
    "meanResTime" : 7392.833333333333,
    "medianResTime" : 462.0,
    "minResTime" : 305.0,
    "maxResTime" : 26414.0,
    "pct1ResTime" : 24661.700000000004,
    "pct2ResTime" : 26414.0,
    "pct3ResTime" : 26414.0,
    "throughput" : 0.07130760317318835,
    "receivedKBytesPerSec" : 35.40960438207505,
    "sentKBytesPerSec" : 0.6184518636539205
  },
  "Login_Username" : {
    "transaction" : "Login_Username",
    "sampleCount" : 4,
    "errorCount" : 0,
    "errorPct" : 0.0,
    "meanResTime" : 386.5,
    "medianResTime" : 372.5,
    "minResTime" : 305.0,
    "maxResTime" : 496.0,
    "pct1ResTime" : 496.0,
    "pct2ResTime" : 496.0,
    "pct3ResTime" : 496.0,
    "throughput" : 0.026706905070305927,
    "receivedKBytesPerSec" : 0.02302296919024664,
    "sentKBytesPerSec" : 0.01850444252674029
  },
  "Home_Page" : {
    "transaction" : "Home_Page",
    "sampleCount" : 4,
    "errorCount" : 0,
    "errorPct" : 0.0,
    "meanResTime" : 21273.25,
    "medianResTime" : 20515.0,
    "minResTime" : 17649.0,
    "maxResTime" : 26414.0,
    "pct1ResTime" : 26414.0,
    "pct2ResTime" : 26414.0,
    "pct3ResTime" : 26414.0,
    "throughput" : 0.023879741621195657,
    "receivedKBytesPerSec" : 35.51864373514979,
    "sentKBytesPerSec" : 0.5857299514644252
  },
  "Login_Credentials" : {
    "transaction" : "Login_Credentials",
    "sampleCount" : 4,
    "errorCount" : 0,
    "errorPct" : 0.0,
    "meanResTime" : 518.75,
    "medianResTime" : 428.0,
    "minResTime" : 428.0,
    "maxResTime" : 791.0,
    "pct1ResTime" : 791.0,
    "pct2ResTime" : 791.0,
    "pct3ResTime" : 791.0,
    "throughput" : 0.0266851683834125,
    "receivedKBytesPerSec" : 0.039167781328387684,
    "sentKBytesPerSec" : 0.021290803290281265
  }
}